test_months,mae,rmse,mape_percent
24,0.2271852819462168,0.2575066948031124,2.5662849774390235
